Workbook

Sheet Podsumowanie
A1: Kraj | B1: Liczba kontaktów | C1: Z mailem osoby | D1: Priorytet 1 | E1: Zweryfikowane
A2: Szwecja | B2: =COUNTIF(Kontakty!$A$2:$A$124,A2) | C2: =COUNTIFS(Kontakty!$A$2:$A$124,A2,Kontakty!$F$2:$F$124,"*@*") | D2: =COUNTIFS(Kontakty!$A$2:$A$124,A2,Kontakty!$I$2:$I$124,1) | E2: =COUNTIFS(Kontakty!$A$2:$A$124,A2,Kontakty!$J$2:$J$124,"Zweryfikowany")
A3: Dania | B3: =COUNTIF(Kontakty!$A$2:$A$124,A3) | C3: =COUNTIFS(Kontakty!$A$2:$A$124,A3,Kontakty!$F$2:$F$124,"*@*") | D3: =COUNTIFS(Kontakty!$A$2:$A$124,A3,Kontakty!$I$2:$I$124,1) | E3: =COUNTIFS(Kontakty!$A$2:$A$124,A3,Kontakty!$J$2:$J$124,"Zweryfikowany")
A4: Włochy | B4: =COUNTIF(Kontakty!$A$2:$A$124,A4) | C4: =COUNTIFS(Kontakty!$A$2:$A$124,A4,Kontakty!$F$2:$F$124,"*@*") | D4: =COUNTIFS(Kontakty!$A$2:$A$124,A4,Kontakty!$I$2:$I$124,1) | E4: =COUNTIFS(Kontakty!$A$2:$A$124,A4,Kontakty!$J$2:$J$124,"Zweryfikowany")
A5: Francja | B5: =COUNTIF(Kontakty!$A$2:$A$124,A5) | C5: =COUNTIFS(Kontakty!$A$2:$A$124,A5,Kontakty!$F$2:$F$124,"*@*") | D5: =COUNTIFS(Kontakty!$A$2:$A$124,A5,Kontakty!$I$2:$I$124,1) | E5: =COUNTIFS(Kontakty!$A$2:$A$124,A5,Kontakty!$J$2:$J$124,"Zweryfikowany")
A6: Belgia | B6: =COUNTIF(Kontakty!$A$2:$A$124,A6) | C6: =COUNTIFS(Kontakty!$A$2:$A$124,A6,Kontakty!$F$2:$F$124,"*@*") | D6: =COUNTIFS(Kontakty!$A$2:$A$124,A6,Kontakty!$I$2:$I$124,1) | E6: =COUNTIFS(Kontakty!$A$2:$A$124,A6,Kontakty!$J$2:$J$124,"Zweryfikowany")
A7: Austria | B7: =COUNTIF(Kontakty!$A$2:$A$124,A7) | C7: =COUNTIFS(Kontakty!$A$2:$A$124,A7,Kontakty!$F$2:$F$124,"*@*") | D7: =COUNTIFS(Kontakty!$A$2:$A$124,A7,Kontakty!$I$2:$I$124,1) | E7: =COUNTIFS(Kontakty!$A$2:$A$124,A7,Kontakty!$J$2:$J$124,"Zweryfikowany")
A8: Szwajcaria | B8: =COUNTIF(Kontakty!$A$2:$A$124,A8) | C8: =COUNTIFS(Kontakty!$A$2:$A$124,A8,Kontakty!$F$2:$F$124,"*@*") | D8: =COUNTIFS(Kontakty!$A$2:$A$124,A8,Kontakty!$I$2:$I$124,1) | E8: =COUNTIFS(Kontakty!$A$2:$A$124,A8,Kontakty!$J$2:$J$124,"Zweryfikowany")
A9: Portugalia | B9: =COUNTIF(Kontakty!$A$2:$A$124,A9) | C9: =COUNTIFS(Kontakty!$A$2:$A$124,A9,Kontakty!$F$2:$F$124,"*@*") | D9: =COUNTIFS(Kontakty!$A$2:$A$124,A9,Kontakty!$I$2:$I$124,1) | E9: =COUNTIFS(Kontakty!$A$2:$A$124,A9,Kontakty!$J$2:$J$124,"Zweryfikowany")
A10: Holandia | B10: =COUNTIF(Kontakty!$A$2:$A$124,A10) | C10: =COUNTIFS(Kontakty!$A$2:$A$124,A10,Kontakty!$F$2:$F$124,"*@*") | D10: =COUNTIFS(Kontakty!$A$2:$A$124,A10,Kontakty!$I$2:$I$124,1) | E10: =COUNTIFS(Kontakty!$A$2:$A$124,A10,Kontakty!$J$2:$J$124,"Zweryfikowany")
A11: Hiszpania | B11: =COUNTIF(Kontakty!$A$2:$A$124,A11) | C11: =COUNTIFS(Kontakty!$A$2:$A$124,A11,Kontakty!$F$2:$F$124,"*@*") | D11: =COUNTIFS(Kontakty!$A$2:$A$124,A11,Kontakty!$I$2:$I$124,1) | E11: =COUNTIFS(Kontakty!$A$2:$A$124,A11,Kontakty!$J$2:$J$124,"Zweryfikowany")
A12: Niemcy | B12: =COUNTIF(Kontakty!$A$2:$A$124,A12) | C12: =COUNTIFS(Kontakty!$A$2:$A$124,A12,Kontakty!$F$2:$F$124,"*@*") | D12: =COUNTIFS(Kontakty!$A$2:$A$124,A12,Kontakty!$I$2:$I$124,1) | E12: =COUNTIFS(Kontakty!$A$2:$A$124,A12,Kontakty!$J$2:$J$124,"Zweryfikowany")
A13: Chorwacja | B13: =COUNTIF(Kontakty!$A$2:$A$124,A13) | C13: =COUNTIFS(Kontakty!$A$2:$A$124,A13,Kontakty!$F$2:$F$124,"*@*") | D13: =COUNTIFS(Kontakty!$A$2:$A$124,A13,Kontakty!$I$2:$I$124,1) | E13: =COUNTIFS(Kontakty!$A$2:$A$124,A13,Kontakty!$J$2:$J$124,"Zweryfikowany")
... A16: Anglia | B16: =COUNTIF(Kontakty!$A$2:$A$124,A16) | C16: =COUNTIFS(Kontakty!$A$2:$A$124,A16,Kontakty!$F$2:$F$124,"*@*") | D16: =COUNTIFS(Kontakty!$A$2:$A$124,A16,Kontakty!$I$2:$I$124,1) | E16: =COUNTIFS(Kontakty!$A$2:$A$124,A16,Kontakty!$J$2:$J$124,"Zweryfikowany")
A17: RAZEM | B17: =SUM(B2:B16) | C17: =SUM(C2:C16) | D17: =SUM(D2:D16) | E17: =SUM(E2:E16)
A20: Legenda
A21: Zweryfikowany – e-mail/kontakt opublikowany na oficjalnej stronie klubu (wiersz na zielono).
A22: Częściowo – brak maila osoby – osoba i stanowisko potwierdzone, ale e-mail osoby nie jest publiczny lub jest ukryty przed botami; użyj kontaktu klubu.
A23: Do potwierdzenia – dane ze źródła starszego lub nieoficjalnego; potwierdzić przed wysyłką (wiersz na pomarańczowo).
A24: Priorytet: 1 = kontaktować w pierwszej kolejności, 3 = niski. Szwecja = kraj priorytetowy.
A25: Nie podajemy maili z komercyjnych baz (RocketReach, Lusha itp.) ani maili zgadywanych z formatu domeny.
A26: Belgia: wszystkie 18 klubów Pro League 26/27; Austria: 12 klubów Bundesligi; Szwajcaria: 12 klubów Super League.
A27: Dania: wszystkie 12 klubów Superligi i 12 klubów 1. Division (sezon 26/27, wg Transfermarkt). Oceny akademii: licencja DBU 2026–2028.
A28: Stan na: 26.09.2026. Stanowiska w klubach zmieniają się często – przed kampanią sprawdź źródło w kolumnie H.

Sheet Kontakty
A1: Kraj | B1: Klub | C1: Osoba | D1: Stanowisko | E1: Obszar działania | F1: E-mail osoby (zweryfikowany) | G1: Oficjalny kontakt klubu | H1: Źródło | I1: Priorytet (1–3) | J1: Status weryfikacji | K1: Uwagi
A2: Szwecja | B2: AIK | C2: Miika Takkula | D2: Head of Recruitment (Rekryteringschef) | E2: Rekrutacja seniorska, planowanie kadry, transfery | F2: miika.takkula@aikfotboll.se | G2: ungdom@aikfotboll.se | H2: https://www.aikfotboll.se/kontakta-oss/kontakt-med-lagen | I2: 1 | J2: Zweryfikowany | K2: Zatrudniony XII 2025
A3: Szwecja | B3: AIK | C3: Herish Sadi | D3: Chefsscout (Chief Scout) | E3: Live-scouting, talenty krajowe, rynek afrykański | F3: herish.sadi@aikfotboll.se | G3: ungdom@aikfotboll.se | H3: https://www.aikfotboll.se/kontakta-oss/kontakt-med-lagen | I3: 1 | J3: Zweryfikowany
A4: Szwecja | B4: AIK | C4: Alexander Milošević | D4: Scout & Rekryteringsansvarig, Akademi | E4: Scouting i rekrutacja do akademii | F4: alexander.milosevic@aikfotboll.se | G4: ungdom@aikfotboll.se | H4: https://www.aikfotboll.se/artiklar-och-nyheter/260130-alexander-milosevic-ny-scout-och-rekryteringsansvarig-for-akademin | I4: 1 | J4: Zweryfikowany | K4: Umowa 01.02.2026–31.12.2027
A5: Szwecja | B5: IFK Göteborg | C5: Jonas Olsson | D5: Akademichef (Academy Director) | E5: Akademia | F5: jonas.olsson@ifkgoteborg.se | H5: https://ifkgoteborg.se/om-ifk-goteborg/kontakt/ | I5: 1 | J5: Zweryfikowany
A6: Szwecja | B6: Hammarby IF | C6: Atilla Börjeson | D6: Scout- och rekryteringsansvarig, pojkar | E6: Scouting/rekrutacja akademii (chłopcy) | F6: atilla.borjeson@hammarbyungdom.se | G6: 08-462 88 10 | H6: https://www.hammarbyfotboll.se/kontakt/ | I6: 1 | J6: Zweryfikowany
A7: Szwecja | B7: Hammarby IF | C7: Mathias Rosengård | D7: Akademichef HTFF (Hammarby Talang FF) | E7: Akademia / drużyna rozwojowa | F7: mathias.rosengard@hammarbyungdom.se | G7: 08-462 88 10 | H7: https://www.hammarbyfotboll.se/kontakt/ | I7: 1 | J7: Zweryfikowany
A8: Szwecja | B8: Djurgårdens IF | C8: (funkcja) Rekrytering P15–19 | D8: Rekrytering P15–P19 | E8: Rekrutacja akademii U15–U19 | F8: ukryty na stronie (ochrona antyspamowa) – skopiuj ze strony | G8: Djurgårdens Elitfotboll AB, Box 24053, 104 50 Stockholm | H8: https://www.dif.se/om-dif/kontakt | I8: 1 | J8: Częściowo – brak maila osoby | K8: Na stronie także: Akademichef A10-15/PA16-19, Utvecklingschef PA16-19
A9: Szwecja | B9: BK Häcken | C9: Alfons Petersson | D9: Scoutingansvarig Akademi/Ungdom | E9: Scouting akademii | F9: ukryty na stronie (ochrona antyspamowa) – skopiuj ze strony | G9: tel. 073-544 94 11; scouttickets@bkhacken.se (akredytacje scoutów) | H9: https://bkhacken.se/sida/pojkakademi-ledare | I9: 1 | J9: Częściowo – brak maila osoby
A10: Szwecja | B10: Malmö FF | C10: — | D10: — | E10: Kontakt ogólny | G10: info@mff.se | H10: https://www.mff.se/om-malmo-ff/kontakt/ | I10: 2 | J10: Częściowo – brak maila osoby | K10: Brak publicznego maila do rekrutacji akademii
A11: Szwecja | B11: IF Elfsborg | C11: — | D11: — | E11: Kontakt ogólny | G11: info@elfsborg.se; 033-13 91 91 | H11: https://elfsborg.se/for-foretag/kontakta-oss/ | I11: 2 | J11: Częściowo – brak maila osoby | K11: Brak publicznego maila do rekrutacji akademii
A12: Dania | B12: FC Nordsjælland | C12: Herekol Tanrisever | D12: Head of Scouting & Recruitment U14–U19 | E12: Scouting/rekrutacja U14–U19 (chłopcy) | F12: ukryty na stronie (ochrona antyspamowa) – skopiuj ze strony | H12: https://fcn.dk/akademi/kontakt | I12: 1 | J12: Częściowo – brak maila osoby | K12: Superliga. Najlepsza akademia w DK 2026 (DBU 5★, 97,0/100)
A13: Dania | B13: FC Nordsjælland | C13: Bertram Pedersen | D13: Head of Scouting & Recruitment U11–U13 | E13: Scouting/rekrutacja U11–U13 (chłopcy) | F13: ukryty na stronie (ochrona antyspamowa) – skopiuj ze strony | H13: https://fcn.dk/akademi/kontakt | I13: 1 | J13: Częściowo – brak maila osoby | K13: Superliga
A14: Dania | B14: FC Midtjylland | C14: Kristian Kjær | D14: Director of Recruitment | E14: Rekrutacja (dział rekrutacji) | F14: kfk@fcm.dk | G14: uddannelse@fcm.dk | H14: https://www.fcm.dk/drengeakademiet/ | I14: 1 | J14: Zweryfikowany | K14: Superliga. DBU 5★. Head of Academy Recruitment: Mads Agner Veng (mail niepubliczny)
A15: Dania | B15: F.C. København | C15: Christian Wilkens | D15: Head of Recruitment (FCK Talent) | E15: Rekrutacja akademii (starsze roczniki) | H15: https://www.fck.dk/en/content/fck-talent-department-staff-and-officials | I15: 1 | J15: Częściowo – brak maila osoby | K15: Superliga. DBU 5★. Stanowisko U12–U13 wolne po odejściu R. Ankera do Lyngby (VIII 2026)
A16: Dania | B16: Brøndby IF | C16: Christian Morsing | D16: Rekrutteringsansvarlig, Brøndby Masterclass | E16: Kontakt z klubami ws. rekrutacji do akademii | G16: scouting.brondby.com; tel. +45 43 63 08 10 | H16: https://brondby.com/masterclass/om-masterclass/rekrutteringsprocedure-i-brondby-masterclass | I16: 1 | J16: Częściowo – brak maila osoby | K16: Superliga. DBU 4,5★ (89,39). Academy Director: Bjørn Holm; Head of Development: Jonas Bliksted
A17: Dania | B17: Lyngby Boldklub | C17: Karsten Stiig Alnor | D17: Akademichef | E17: Akademia | F17: ks@lyngby-boldklub.dk | H17: https://lyngby-boldklub.dk/kontakt/ | I17: 1 | J17: Zweryfikowany | K17: Superliga (beniaminek). DBU 4★
A18: Dania | B18: Lyngby Boldklub | C18: Rasmus Anker | D18: Chef for rekruttering og scouting | E18: Scouting/rekrutacja akademia → 1. zespół | H18: https://lyngby-boldklub.dk/2026/06/25/rasmus-anker-bliver-ny-chef-for-rekruttering-og-scouting/ | I18: 1 | J18: Częściowo – brak maila osoby | K18: Od 01.08.2026 (wcześniej FCK). Nowy mail niepubliczny – stary rsa@fck.dk nieaktualny
A19: Dania | B19: AGF | C19: Marc Søballe Pedersen | D19: Talentchef (AGF Talent) | E19: Akademia | H19: https://agf.dk/agf-talent | I19: 1 | J19: Częściowo – brak maila osoby | K19: Superliga. Rekrutacja U13–U17: Kenneth Djoeneri; U10–U12: René Klok
A20: Dania | B20: OB (Odense Boldklub) | C20: Ulrik Bredegaard | D20: Akademichef | E20: Akademia | F20: ulrik.bredegaard@ob.dk | H20: https://ob.dk/hold/akademi/akademiets-personale | I20: 1 | J20: Zweryfikowany | K20: Superliga. Talentchef: Benjamin Ajslev
A21: Dania | B21: Silkeborg IF | C21: Nicolaj Bækgaard | D21: Rekrutteringsansvarlig | E21: Zapytania ws. młodych zawodników | F21: nb@silkeborgif.com | G21: tel. 22 98 96 10 | H21: https://www.silkeborgif.com/talent/kontakt/ | I21: 1 | J21: Zweryfikowany | K21: Superliga
A22: Dania | B22: Silkeborg IF | C22: Peter Christian Hansen | D22: Talentchef | E22: Akademia | F22: pc@silkeborgif.com | G22: +45 20 27 58 35 | H22: https://www.silkeborgif.com/talent/kontakt/ | I22: 1 | J22: Zweryfikowany | K22: Superliga
A23: Dania | B23: Randers FC | C23: Peter Elstrup | D23: Talentchef & Head of Coaching | E23: Akademia | F23: pe@randersfc.dk | G23: +45 25 60 21 51; randersfc@randersfc.dk | H23: https://randersfc.dk/talent/kontakt/ | I23: 1 | J23: Zweryfikowany | K23: Superliga
A24: Dania | B24: AaB (Aalborg) | C24: Jakob Ahlmann | D24: Ansvarlig for kontraktspillere og rekruttering U15–U19 | E24: Rekrutacja do akademii | F24: jah@aab-as.dk | G24: tel. 28 40 15 89 | H24: https://aabsport.dk/akademiet/om-aab-akademiet/ | I24: 1 | J24: Zweryfikowany | K24: 1. Division. Rola od 01.02.2026
A25: Dania | B25: AaB (Aalborg) | C25: Mathias Krogh | D25: Akademichef | E25: Akademia | F25: mak@aab-as.dk | H25: https://aabsport.dk/akademiet/om-aab-akademiet/ | I25: 1 | J25: Zweryfikowany | K25: 1. Division
A26: Dania | B26: FC Nordsjælland | C26: David Poulsen | D26: Lead Scout U7–U10 | E26: Scouting U7–U10 | F26: ukryty na stronie (ochrona antyspamowa) – skopiuj ze strony | H26: https://fcn.dk/akademi/kontakt | I26: 2 | J26: Częściowo – brak maila osoby | K26: Superliga
A27: Dania | B27: F.C. København | C27: Rasmus Hahnemann | D27: Head Scout & Recruitment Manager U10–U11, ATK+ | E27: Scouting/rekrutacja U10–U11 | F27: raha@fck.dk | H27: https://www.fck.dk/indhold/procedurer-rekruttering-i-talentafdelingen | I27: 2 | J27: Zweryfikowany | K27: Superliga
A28: Dania | B28: Viborg FF | C28: Mads Holm | D28: Talentchef | E28: Akademia | F28: ukryty na stronie (ochrona antyspamowa) – skopiuj ze strony | G28: kundeservice@vff.dk | H28: https://www.vff.dk/viborg-f-f/kontaktinfo | I28: 2 | J28: Częściowo – brak maila osoby | K28: Superliga
A29: Dania | B29: Sønderjyske Fodbold | C29: Joshua Karesch | D29: Scout & Recruitment Manager | E29: Scouting/rekrutacja akademii | F29: jk@soenderjyskefodbold.dk | H29: https://soenderjyskefodbold.dk/scouting-rekruttering/ | I29: 2 | J29: Zweryfikowany | K29: Superliga. Scout: Steffen Dam – dam@soenderjyskefodbold.dk
A30: Dania | B30: AC Horsens | C30: Martin Bloch | D30: Talentchef | E30: Akademia | F30: ukryty na stronie (ochrona antyspamowa) – skopiuj ze strony | G30: tel. 75 62 60 20 | H30: https://achorsens.dk/ansatte/akademiet | I30: 2 | J30: Częściowo – brak maila osoby | K30: Superliga (beniaminek)
A31: Dania | B31: Vejle Boldklub | C31: Steen Thychosen | D31: Talentchef | E31: VB Akademiet | F31: st@vejle-boldklub.dk | G31: +45 24 97 70 10 | H31: https://vejle-boldklub.dk/vb-akademiet/staben | I31: 2 | J31: Zweryfikowany | K31: 1. Division
A32: Dania | B32: Esbjerg fB | C32: Anders Brynaa | D32: Talentchef | E32: EfB Akademi | F32: ukryty na stronie (ochrona antyspamowa) – skopiuj ze strony | H32: https://efb.dk/efb-akademi/stab/ | I32: 2 | J32: Częściowo – brak maila osoby | K32: 1. Division
A33: Dania | B33: HB Køge | C33: Steen Knudsen | D33: Talentchef | E33: Akademia | F33: sk@hbkoge.dk | G33: +45 40 42 45 59 | H33: https://www.hbkoge.dk/talentudvikling/ | I33: 2 | J33: Zweryfikowany | K33: 1. Division. Klub stawia na wychowanków
A34: Dania | B34: Hvidovre IF | C34: Christian Grønbæk | D34: Talentchef | E34: Talentakademi | F34: cg@hif.dk | G34: hif@hif.dk; 36 78 17 72 | H34: https://bredde.hif.dk/talentakademi/ | I34: 2 | J34: Zweryfikowany | K34: 1. Division
A35: Dania | B35: FC Nordsjælland | C35: Henrik Surel | D35: Emerging Talent Scout U14–U19, Girls | E35: Scouting dziewcząt U14–U19 | F35: ukryty na stronie (ochrona antyspamowa) – skopiuj ze strony | H35: https://fcn.dk/akademi/kontakt | I35: 3 | J35: Częściowo – brak maila osoby | K35: Superliga
A36: Dania | B36: F.C. København | C36: Cornelius Scheel Hjeds | D36: Head Scout U6–U9 | E36: Scouting U6–U9 | F36: cohj@fck.dk | H36: https://www.fck.dk/indhold/procedurer-rekruttering-i-talentafdelingen | I36: 3 | J36: Zweryfikowany | K36: Superliga
A37: Dania | B37: F.C. København | C37: Casper Kåre Hansen | D37: Talent Head, Girls/Women | E37: Akademia kobiet | F37: cakh@fck.dk | H37: https://www.fck.dk/indhold/procedurer-rekruttering-i-talentafdelingen | I37: 3 | J37: Zweryfikowany | K37: Superliga
A38: Dania | B38: Akademisk Boldklub | C38: Simon Andresen | D38: Rekrutacja U17/U19 | E38: Rekrutacja i testy U17–U19 | F38: ukryty na stronie (ochrona antyspamowa) – skopiuj ze strony | G38: formularz „Spillerhenvendelse” na stronie | H38: https://www.akademiskboldklub.dk/klub/akademisk-boldklub--4/sider/spillerhenvendelser | I38: 3 | J38: Częściowo – brak maila osoby | K38: 1. Division
A39: Dania | B39: Kolding IF | C39: Jonas Illum | D39: Talentchef (akademia chłopców i dziewcząt) | E39: Akademia | H39: https://kolding-if.dk/sport/akademiet/kontakt-akademi/ | I39: 3 | J39: Częściowo – brak maila osoby | K39: 1. Division. Starszy kontakt jj@kolding-if.dk (Jacob Jensen, 2024) – nieaktualny
A40: Dania | B40: Hillerød Fodbold | C40: Peter Sørensen | D40: Talentchef | E40: Akademia | G40: info@hilleroedfodbold.dk | H40: https://www.hilleroedfodbold.dk/klubnyt/hilleroed-fodbold-ansaetter-peter-soerensen-som-ny-talentchef/ | I40: 3 | J40: Częściowo – brak maila osoby | K40: 1. Division. Od 01.01.2026
A41: Dania | B41: Hobro IK | C41: Peter Bøcher Christiansen | D41: Rekrutteringsansvarlig | E41: Rekrutacja do talentu | F41: pbc@hikfodbold.dk | H41: https://hobroik.dk/forening/ungdom/talent/rekruttering-til-talent/ | I41: 3 | J41: Zweryfikowany | K41: 1. Division. Od 01.07.2026. Talentchef: Martin Ingvorsen; testy U13–U19: NH@hikfodbold.dk
A42: Dania | B42: Vendsyssel FF | C42: Riccardo Averini | D42: Head of Coaching & Talentchef | E42: Dział talentów, U17–U19 | F42: ukryty na stronie (ochrona antyspamowa) – skopiuj ze strony | G42: tel. 30 49 66 71 | H42: https://vendsysselff.dk/talent/stab/ | I42: 3 | J42: Częściowo – brak maila osoby | K42: 1. Division
A43: Dania | B43: FC Fredericia | C43: — | D43: FC Fredericia Akademi – stab | E43: Akademia | G43: https://www.fcfredericia.org/Staben/ | H43: https://www.fcfredericia.org/Rekruttering/ | I43: 3 | J43: Częściowo – brak maila osoby | K43: 1. Division. Na stronie lista maili sztabu bez przypisanych ról – sprawdzić
A44: Dania | B44: Aarhus Fremad | C44: — | D44: — | E44: Formularz kontaktowy | G44: https://www.aarhus-fremad.dk/kontakt/ | H44: https://www.aarhus-fremad.dk/kontakt/ | I44: 3 | J44: Częściowo – brak maila osoby | K44: 1. Division. Brak publicznego kontaktu do akademii
A45: Włochy | B45: Parma Calcio 1913 | C45: Massimiliano Notari | D45: Head of Scouting | E45: Scouting regionalny, krajowy, międzynarodowy | H45: https://www.parmacalcio1913.com/en/main-news/club-statement-new-football-department-structure-confirmed/ | I45: 1 | J45: Częściowo – brak maila osoby | K45: Potwierdzony na 2026/27, kontrakt do 30.06.2029
A46: Włochy | B46: Parma Calcio 1913 | C46: Mattia Notari | D46: Head of Men Youth Sector | E46: Sektor młodzieżowy (mężczyźni) | H46: https://www.parmacalcio1913.com/en/main-news/club-statement-new-football-department-structure-confirmed/ | I46: 1 | J46: Częściowo – brak maila osoby | K46: Kontrakt do 30.06.2029
A47: Włochy | B47: Parma Calcio 1913 | C47: Federico Crovari | D47: Football Pathway Manager | E47: Ścieżka akademia → pierwszy zespół | H47: https://www.parmacalcio1913.com/en/main-news/club-statement-new-football-department-structure-confirmed/ | I47: 1 | J47: Częściowo – brak maila osoby | K47: Nowa rola od 2026/27
A48: Włochy | B48: Udinese Calcio | C48: Alec Bolla | D48: Responsabile Udinese Academy | E48: Sieć klubów afiliowanych (60+), identyfikacja talentów | G48: academy@udinesespa.it; +39 0432 544911 | H48: https://www.udinese.it/academy/contacts | I48: 1 | J48: Zweryfikowany | K48: Kontakt przez adres academy@
A49: Włochy | B49: Atalanta | C49: Roberto Samaden | D49: Responsabile Settore Giovanile (2026/27) | E49: Sektor młodzieżowy | G49: settoregiovanile@atalanta.it | H49: https://www.zonacalciofaidate.it/news-dai-campi-e-sedi-settori-giovanili/settore-giovanile-atalanta-2026-2027-tutti-gli-allenatori-e-la-nuova-squadra-di-roberto-samaden | I49: 1 | J49: Częściowo – brak maila osoby | K49: CIES MR99: 94 wychowanków w Big-5 w 20 lat, top 10 wg minut. Wcześniejszy szef scoutingu młodzieży: Gian Paolo Manighetti (2024/25)
A50: Włochy | B50: Empoli FC | C50: Marco Bertelli | D50: Responsabile Settore Giovanile | E50: Sektor młodzieżowy | G50: social@empolifc.com | H50: https://www.empolifc.it/organigramma | I50: 2 | J50: Do potwierdzenia | K50: Scouting attività di base: Paolo Mussi
A51: Włochy | B51: Parma Calcio 1913 | C51: Gianluca Baschieri | D51: Head of Grassroot | E51: Grassroots | H51: https://www.parmacalcio1913.com/en/main-news/club-statement-new-football-department-structure-confirmed/ | I51: 3 | J51: Częściowo – brak maila osoby
A52: Francja | B52: Stade Rennais (CIES) | C52: Denis Arnaud | D52: Directeur de l'académie | E52: Centre de formation | H52: https://fr.wikipedia.org/wiki/Centre_de_formation_du_Stade_rennais_FC | I52: 1 | J52: Do potwierdzenia | K52: CIES 2026: 4. miejsce w Europie – 29 wychowanków w lidze Big-5. Nazwisko dyrektora do potwierdzenia
A53: Francja | B53: AS Monaco (CIES) | C53: — | D53: Cellule recrutement Academy (La Diagonale) | E53: Rekrutacja do centrum szkoleniowego | G53: https://www.asmonaco.com/encadrement/ | H53: https://www.asmonaco.com/en/academy/la-diagonale-centre-de-formation-de-las-monaco | I53: 1 | J53: Częściowo – brak maila osoby | K53: CIES: top 10 najbardziej dochodowych akademii (10 lat). Nie przyjmują zgłoszeń spontanicznych
A54: Francja | B54: RC Lens | C54: Alaeddine Yahia | D54: Responsable du recrutement de l'académie | E54: Rekrutacja akademii | H54: https://www.rclens.fr/fr/pros-cellule-de-recrutement | I54: 1 | J54: Częściowo – brak maila osoby | K54: recrutement@rclens.fr to adres HR (oferty pracy) – nie do zgłoszeń zawodników
A55: Francja | B55: Olympique Lyonnais | C55: Johann Louvel | D55: Directeur de l'Academy | E55: Akademia | H55: https://www.ol.fr/fr/academy/centre-de-formation/recrutement | I55: 1 | J55: Do potwierdzenia | K55: CIES: top 10 dochodów ze sprzedaży wychowanków; 34 wychowanków w Big-5. Zastępca ds. technicznych/rekrutacji: Mathieu Seckinger
A56: Francja | B56: Stade Rennais | C56: Philippe Barraud | D56: Chargé de coordination du recrutement | E56: Rekrutacja centrum szkoleniowego | H56: https://fr.wikipedia.org/wiki/Centre_de_formation_du_Stade_rennais_FC | I56: 2 | J56: Do potwierdzenia | K56: Źródło nieoficjalne – potwierdzić na staderennais.com
A57: Francja | B57: LOSC Lille | C57: — | D57: — | E57: Formularz kontaktowy | G57: https://www.losc.fr/contact | H57: https://www.losc.fr/formation | I57: 2 | J57: Częściowo – brak maila osoby | K57: Brak publicznego maila do rekrutacji młodzieży
A58: Francja | B58: Paris Saint-Germain | C58: — | D58: Centre de formation – cellule recrutement | E58: Rekrutacja tylko przez obserwacje scoutów | G58: https://www.psg.fr/en/youth-football | H58: https://www.psg.fr/en/youth-football | I58: 3 | J58: Częściowo – brak maila osoby | K58: CIES MR99: 3. miejsce – 111 wychowanków w Big-5 (20 lat). Klub nie przyjmuje zgłoszeń spontanicznych
A59: Belgia | B59: Club Brugge | C59: — | D59: Club NXT – akademia | E59: Kontakt akademii | G59: https://www.clubbrugge.be/en/nxt-contact | H59: https://www.clubbrugge.be/en/nxt-contact | I59: 1 | J59: Częściowo – brak maila osoby | K59: Pro League. Club NXT – najlepsza akademia w Belgii 2 lata z rzędu
A60: Belgia | B60: RSC Anderlecht | C60: Afrim Salievski | D60: Academy Talent Director | E60: Rekrutacja i scouting wszystkich kategorii młodzieżowych | G60: formularz na rsca.be (FAQ Neerpede) | H60: https://www.rsca.be/en/afrim-salievski | I60: 1 | J60: Częściowo – brak maila osoby | K60: Pro League. Chief Academy: Tim Borguet; Football Director U13–U23: Tim Scheers
A61: Belgia | B61: KRC Genk | C61: Koen Daerden | D61: Technical Director Youth Academy | E61: Akademia | G61: jeugdsecretariaat@krcgenk.be | H61: https://www.krcgenk.be/nl/contact/locatie/jeugdscouting | I61: 1 | J61: Częściowo – brak maila osoby | K61: Pro League. ~20 scoutów młodzieżowych; mail osoby tylko w bazach komercyjnych – nie podajemy
A62: Belgia | B62: KAA Gent | C62: Jordi Maes | D62: Coördinator Scouting & Rekrutering Jeugd | E62: Scouting/rekrutacja akademii | G62: formularz: kaagent.typeform.com/interessejeugd | H62: https://www.kaagent.be/nl/jeugd/jeugdscouting | I62: 1 | J62: Częściowo – brak maila osoby | K62: Pro League. Brak otwartych testów – tylko zaproszenia
A63: Belgia | B63: Union Saint-Gilloise | C63: — | D63: Union Academy – scouting | E63: Scouting akademii | G63: scouting@rusgacademy.be; tel. 02 332 04 73 | H63: https://rusg.brussels/en/union-academy/contact-union-academy | I63: 1 | J63: Zweryfikowany | K63: Pro League
A64: Belgia | B64: Standard de Liège | C64: Christophe Lonnoy | D64: Directeur Recrutement ARLD | E64: Rekrutacja Académie Robert Louis-Dreyfus | G64: i.vanherle@standard.be (Ingrid Vanherle, manager adm.); tel. +32 4 385 94 00 | H64: https://standard.be/fr/news/academie-robert-louis-dreyfus | I64: 1 | J64: Częściowo – brak maila osoby | K64: Pro League
A65: Belgia | B65: Royal Antwerp FC | C65: Ralph Rust | D65: Head of Scouting & Recruitment U13–U18 | E65: Scouting/rekrutacja U13–U18 | F65: ralph.rust@rafc.be | G65: formularz: form.jotformeu.com/RoyalAntwerpFC/scouting-request-rafc | H65: https://jeugd.royalantwerpfc.be/contact/ | I65: 1 | J65: Zweryfikowany | K65: Pro League
A66: Belgia | B66: KV Mechelen | C66: — | D66: Scouting jeugdacademie | E66: Rekrutacja do akademii | G66: scouting@kvmechelen.be; info@kvmechelenjeugd.be | H66: https://kvmechelen.be/academie/contact/ | I66: 1 | J66: Zweryfikowany | K66: Pro League
A67: Belgia | B67: Royal Antwerp FC | C67: Vincent Verbrugghe | D67: Head of Scouting & Recruitment U10–U12 | E67: Scouting/rekrutacja U10–U12 | F67: vincent.verbrugghe@rafc.be | H67: https://jeugd.royalantwerpfc.be/contact/ | I67: 2 | J67: Zweryfikowany | K67: Pro League
A68: Belgia | B68: OH Leuven | C68: — | D68: Academy | E68: Akademia / scouting | G68: jeugd@ohl.be | H68: https://www.ohleuven.com/academy/scouting | I68: 2 | J68: Zweryfikowany | K68: Pro League
A69: Belgia | B69: Cercle Brugge | C69: — | D69: Scouting manager jeugd | E69: Scouting U8–U18 | G69: scouting.jeugd@cerclebrugge.be | H69: https://cerclebrugge.be/en/teams/youth/jeugdacademie-scouting | I69: 2 | J69: Zweryfikowany | K69: Pro League
A70: Belgia | B70: KV Kortrijk | C70: Niels Bulcaen | D70: KVK Scouting (jeugdacademie) | E70: Scouting akademii | F70: niels.bulcaen@kvk.be | G70: +32 56 96 01 90 | H70: https://www.kvk.be/club/jeugdacademie/kvk-scouting/ | I70: 2 | J70: Zweryfikowany | K70: Pro League (beniaminek)
A71: Belgia | B71: Lommel SK | C71: Kevin Wielockx | D71: Head of Youth Scouting | E71: Scouting młodzieżowy | G71: https://www.lommelsk.be/nl/talent-scouting.php | H71: https://www.lommelsk.be/nl/talent-scouting.php | I71: 2 | J71: Częściowo – brak maila osoby | K71: Pro League (beniaminek). Klub City Football Group
A72: Belgia | B72: SK Beveren | C72: — | D72: Jeugdwerking | E72: Akademia (tylko e-mail) | G72: jeugd@skbeveren.be | H72: https://www.skbeveren.be/contact/ | I72: 2 | J72: Zweryfikowany | K72: Pro League (beniaminek, mistrz CPL)
A73: Belgia | B73: Sporting Charleroi | C73: — | D73: Zebra Academy | E73: Akademia U15–U23 | G73: info@sporting-charleroi.be; 071 23 97 50 | H73: https://www.sporting-charleroi.be/contact/ | I73: 2 | J73: Częściowo – brak maila osoby | K73: Pro League. Brak publicznego maila akademii
A74: Belgia | B74: Royal Antwerp FC | C74: Matthias De Ridder | D74: Head of Scouting & Recruitment U7–U9 | E74: Scouting U7–U9 | F74: matthias.deridder@rafcjeugd.be | H74: https://jeugd.royalantwerpfc.be/contact/ | I74: 3 | J74: Zweryfikowany | K74: Pro League
A75: Belgia | B75: KVC Westerlo | C75: — | D75: — | E75: Kontakt ogólny | G75: info@kvcwesterlo.be; +32 14 54 52 88 | H75: https://kvcwesterlo.be/nl/contact/ | I75: 3 | J75: Częściowo – brak maila osoby | K75: Pro League. Brak publicznego maila scoutingu młodzieży
A76: Belgia | B76: Sint-Truidense VV | C76: Luc Bormans | D76: Hoofd jeugdopleiding | E76: Akademia | G76: info@stvv.com; 011 71 38 19 | H76: https://stvv.com/en/contact | I76: 3 | J76: Do potwierdzenia | K76: Pro League. Dane osoby z nieoficjalnej strony – potwierdzić
A77: Belgia | B77: SV Zulte Waregem | C77: — | D77: Essevee Academie | E77: Akademia | G77: formularz: essevee.be/nl/team-essevee/contact | H77: https://www.essevee.be/nl/team-essevee/contact | I77: 3 | J77: Częściowo – brak maila osoby | K77: Pro League. Brak publicznego maila akademii
A78: Belgia | B78: RAAL La Louvière | C78: — | D78: Wolves Academy | E78: Rekrutacja młodzieży | G78: jeunes@raal.be; zgłoszenia: raal.be/recrutement-2/ | H78: https://www.raal.be/ufaq/jaimerais-realiser-un-test-pour-integrer-lecole-des-jeunes-comment-faire/ | I78: 3 | J78: Zweryfikowany | K78: Pro League
A79: Austria | B79: FC Red Bull Salzburg | C79: Manfred Pamminger | D79: Gesamtleiter Nachwuchs (w tym scouting) | E79: Akademia, FC Liefering, scouting, współpraca międzynarodowa | G79: akademie.verwaltung@redbullsalzburg.at; 0662 433332 4603 | H79: https://www.redbullsalzburg.at/de/jungbullen-und-akademie | I79: 1 | J79: Częściowo – brak maila osoby | K79: Bundesliga. Sportlicher Leiter Akademie: Raphael Ikache
A80: Austria | B80: SK Sturm Graz | C80: Hannes Thier | D80: Scout (Akademie) | E80: Profile zawodników na testy | F80: hannes.thier@sksturm.at | G80: office@akastmk-sturm.at | H80: http://www.akastmk-sturm.at/aufnahme.htm | I80: 1 | J80: Zweryfikowany | K80: Bundesliga
A81: Austria | B81: SK Rapid Wien | C81: Nino Rauch | D81: Leiter Scouting | E81: Scouting | G81: nachwuchs@skrapid.com; info@skrapid.com | H81: https://www.skrapid.at/verein/gremien/sport-management/ | I81: 1 | J81: Częściowo – brak maila osoby | K81: Bundesliga
A82: Austria | B82: FK Austria Wien | C82: Manuel Takacs | D82: Leiter Akademie | E82: Akademia | G82: https://fk-austria.at/en/akademie-2/kontakt-2 | H82: https://fk-austria.at/en/news/die-sportdirektion-von-austria-wien | I82: 1 | J82: Częściowo – brak maila osoby | K82: Bundesliga. Technical Director: Robert Urbanek
A83: Austria | B83: LASK | C83: Philipp Leeb | D83: Nachwuchsleiter | E83: Przyjęcia do akademii | F83: p.leeb@lask.at | G83: scouting@lask.at; 0699 111 879 00 | H83: https://www.lask.at/en/m/ansprechpersonen | I83: 1 | J83: Zweryfikowany | K83: Bundesliga
A84: Austria | B84: SK Sturm Graz | C84: Emil Bauer | D84: Scouting | E84: Scouting | F84: emil.bauer@sksturm.at | H84: https://sksturm.at/en/c/geschaeftsstelle | I84: 2 | J84: Zweryfikowany | K84: Bundesliga
A85: Austria | B85: SK Sturm Graz | C85: Lukas Alterdinger | D85: Scouting | E85: Scouting | F85: lukas.alterdinger@sksturm.at | H85: https://sksturm.at/en/c/geschaeftsstelle | I85: 2 | J85: Zweryfikowany | K85: Bundesliga
A86: Austria | B86: SK Sturm Graz | C86: Christoph Leitgeb | D86: Scouting | E86: Scouting | F86: christoph.leitgeb@sksturm.at | H86: https://sksturm.at/en/c/geschaeftsstelle | I86: 2 | J86: Zweryfikowany | K86: Bundesliga
A87: Austria | B87: Grazer AK | C87: Christian Zach | D87: Sportlicher Leiter Akademie | E87: Akademia | F87: christian.zach@grazerak.at | G87: office@grazerak.at | H87: https://grazerak.at/verein/ansprechpartner-nachwuchs | I87: 2 | J87: Zweryfikowany | K87: Bundesliga. Jugend & Schulkoop.: Philipp Albrecht – philipp.albrecht@grazerak.at
A88: Austria | B88: Wolfsberger AC | C88: — | D88: — | E88: Kontakt ogólny | G88: office@rzpelletswac.at; +43 4352 30688 | H88: https://rzpelletswac.at/kontakt/ | I88: 2 | J88: Częściowo – brak maila osoby | K88: Bundesliga. Brak publicznego maila akademii
A89: Austria | B89: TSV Hartberg | C89: — | D89: Hartberg Fußball Akademie | E89: Akademia | G89: akademie@tsv-hartberg-fussball.at | H89: https://tsv-hartberg-fussball.at/nachwuchs/kontakt-nachwuchs/ | I89: 2 | J89: Zweryfikowany | K89: Bundesliga
A90: Austria | B90: SV Ried | C90: — | D90: AKA-Geschäftsstelle | E90: Akademia Ried | G90: office@akaried.at; +43 7752 88164 | H90: https://www.svried.at/aka-geschaeftsstelle/ | I90: 2 | J90: Zweryfikowany | K90: Bundesliga
A91: Austria | B91: WSG Tirol | C91: — | D91: Nachwuchs | E91: Młodzież, testy | G91: jugendfussball@wsg-fussball.at; 0699 108 619 35 | H91: https://www.wsg-fussball.at/de/nachwuchs/infos/ | I91: 3 | J91: Zweryfikowany | K91: Bundesliga
A92: Austria | B92: SCR Altach | C92: — | D92: SCRA Nachwuchs | E92: Młodzież (największa w Vorarlbergu) | G92: https://www.scra.at/teams/nachwuchs/scra-nachwuchs | H92: https://www.scra.at/teams/nachwuchs/scra-nachwuchs | I92: 3 | J92: Częściowo – brak maila osoby | K92: Bundesliga. Brak publicznego maila
A93: Austria | B93: SC Austria Lustenau | C93: Mike Urschitz | D93: Sportlicher Nachwuchsleiter | E93: Młodzież | G93: info@austria-lustenau.at; +43 5577 86250 | H93: https://www.austria-lustenau.at/kontakt | I93: 3 | J93: Częściowo – brak maila osoby | K93: Bundesliga (beniaminek). Tel. do osoby: +43 699 19202012
A94: Szwajcaria | B94: BSC Young Boys | C94: Christian Franke | D94: Technischer Direktor Youth Base | E94: Akademia (U15–U21) | G94: info@bscyb.ch; +41 31 344 88 88 | H94: https://www.bscyb.ch/youth-base-staff | I94: 1 | J94: Częściowo – brak maila osoby | K94: Super League
A95: Szwajcaria | B95: FC Basel | C95: Timo Jankowski | D95: Leiter Nachwuchs | E95: Nachwuchs-Campus | G95: info@fcb.ch; 061 375 10 10 | H95: https://www.fcb.ch/aktuell/news/nachwuchs/veraenderungen-auf-dem-campus-januar-2026 | I95: 1 | J95: Częściowo – brak maila osoby | K95: Super League. Administracja Campusu: danique.stein@nachwuchs-campus.ch
A96: Szwajcaria | B96: FC Zürich | C96: Balz Rau | D96: Koordinator Nachwuchsscouting | E96: Scouting młodzieżowy | F96: balz.rau@fcz.ch | G96: +41 43 521 12 12 | H96: https://www.fcz.ch/pages/leitung-und-staff | I96: 1 | J96: Zweryfikowany | K96: Super League. Ausbildungschef: Sascha Milicevic; Techn. Leiter: Claudio Calvi
A97: Szwajcaria | B97: FC Thun | C97: Jürg Frey | D97: Leiter Nachwuchs | E97: Młodzież | F97: juerg.frey@fcthun.ch | G97: 033 225 18 98; info@fcthun.ch | H97: https://www.fcthun.ch/de/teams/nachwuchs | I97: 1 | J97: Zweryfikowany | K97: Super League – aktualny mistrz Szwajcarii
A98: Szwajcaria | B98: FC Lugano | C98: Roman Hangarter | D98: Direttore Academy | E98: Akademia + Partenariato Ticino (od 26/27) | G98: +41 91 922 86 72 | H98: https://fclugano.com/en/academy/ | I98: 1 | J98: Częściowo – brak maila osoby | K98: Super League. Chief Sports Officer: Sebastian Pelzer
A99: Szwajcaria | B99: FC Lausanne-Sport | C99: Massimo Ceccaroni | D99: Directeur Technique Académie | E99: Akademia | G99: +41 21 641 05 30 | H99: https://www.lausanne-sport.ch/contact/ | I99: 1 | J99: Częściowo – brak maila osoby | K99: Super League
A100: Szwajcaria | B100: FC Vaduz | C100: Lorenz Gassner | D100: Leiter Nachwuchs | E100: Młodzież | F100: lorenz.gassner@fcvaduz.li | G100: +41 78 773 76 13; info@fcvaduz.li | H100: https://www.fcvaduz.li/kontakt | I100: 2 | J100: Zweryfikowany | K100: Super League (beniaminek)
...

Sheet Beşiktaş – korekta
A1: Klub | B1: Osoba | C1: Stanowisko | D1: Obszar działania | E1: E-mail osoby | F1: Źródło | G1: Status weryfikacji | H1: Uwagi
A2: Beşiktaş JK | B2: Serdar Topraktepe | C2: Akademi Direktörü (Academy Director) | D2: Kierowanie akademią | F2: https://bjk.com.tr/tr/spor-okullari/idari_ve_teknik_kadro | G2: Częściowo – brak maila osoby | H2: Stanowisko wg oficjalnej listy kadry
A3: Beşiktaş JK | B3: Toygun Batallı | C3: Altyapı Gelişimden Sorumlu Yönetici | D3: Rozwój młodzieży | F3: https://bjk.com.tr/tr/spor-okullari/idari_ve_teknik_kadro | G3: Częściowo – brak maila osoby
A4: Beşiktaş JK | B4: Onur Kerpikçi | C4: Akademi Scout / Spor Okulları Denetim Müdürü | D4: Scouting akademii, szkółki | F4: https://bjk.com.tr/tr/spor-okullari/idari_ve_teknik_kadro | G4: Częściowo – brak maila osoby
A5: Beşiktaş JK | B5: — | C5: Beşiktaş Futbol Akademi – kontakt ogólny | D5: Adres: Vişnezade Mah. Kadırgalar Cad. No:1, Tüpraş Stadyumu, 34357 Beşiktaş/İstanbul | F5: https://bjk.com.tr/tr/cms/iletisim/14/ | G5: Częściowo – brak maila osoby | H5: Zespół akademii wymieniony na stronie kontaktowej klubu

Sheet Ranking CIES
A1: Ranking CIES | B1: Miejsce | C1: Klub | D1: Kraj | E1: Wynik | F1: Status w bazie
A2: Wychowankowie w ligach Big-5 (WP529, 2026) | B2: 1 | C2: FC Barcelona | D2: Hiszpania | E2: 40 zawodników | F2: Poza zasięgiem – tylko informacyjnie
A3: Wychowankowie w ligach Big-5 (WP529, 2026) | B3: 2 | C3: Real Madrid | D3: Hiszpania | E3: 35 zawodników | F3: Poza zasięgiem – tylko informacyjnie
A4: Wychowankowie w ligach Big-5 (WP529, 2026) | B4: 3 | C4: Paris Saint-Germain | D4: Francja | E4: 31 zawodników | F4: Poza zasięgiem – tylko informacyjnie
A5: Wychowankowie w ligach Big-5 (WP529, 2026) | B5: 4 | C5: Stade Rennais | D5: Francja | E5: 29 zawodników | F5: W arkuszu Kontakty
A6: Wychowankowie w ligach Big-5 (WP529, 2026) | B6: 5 | C6: AFC Ajax | D6: Holandia | E6: 27 zawodników (1. spoza Big-5) | F6: W arkuszu Kontakty
A7: Wychowankowie w ligach Big-5 (WP529, 2026) | B7: 6–10 | C7: Chelsea, Real Sociedad, Man. United, Man. City, Arsenal | D7: Anglia/Hiszpania | E7: — | F7: Real Sociedad w arkuszu Kontakty
A8: Wychowankowie w 31 ligach UEFA (2026) | B8: 1 | C8: AFC Ajax | D8: Holandia | E8: 85 zawodników | F8: W arkuszu Kontakty
A9: Wychowankowie w 31 ligach UEFA (2026) | B9: 2 | C9: SL Benfica | D9: Portugalia | E9: 73 zawodników | F9: W arkuszu Kontakty
A10: Wychowankowie w 31 ligach UEFA (2026) | B10: 3 | C10: Dynamo Kijów | D10: Ukraina | E10: 72 zawodników | F10: W arkuszu Kontakty
A11: Training Index (ważony poziomem) | B11: 3 | C11: Sporting CP | D11: Portugalia | E11: 3. miejsce w obu tabelach | F11: W arkuszu Kontakty
A12: Przychody ze sprzedaży wychowanków – 10 lat (WP540, 2026) | B12: 1 | C12: SL Benfica | D12: Portugalia | E12: 589 mln € | F12: W arkuszu Kontakty
A13: Przychody ze sprzedaży wychowanków – 10 lat (WP540, 2026) | B13: 2 | C13: AFC Ajax | D13: Holandia | E13: 454 mln € | F13: W arkuszu Kontakty
A14: Przychody ze sprzedaży wychowanków – 10 lat (WP540, 2026) | B14: 3 | C14: Chelsea FC | D14: Anglia | E14: 442 mln € | F14: Poza zasięgiem – tylko informacyjnie
A15: Przychody ze sprzedaży wychowanków – 10 lat (WP540, 2026) | B15: 4–10 | C15: Olympique Lyonnais, AS Monaco, Sporting CP, Man. City, Real Madrid, Palmeiras, Bayer Leverkusen | D15: różne | E15: — | F15: Lyon, Monaco, Sporting, Leverkusen w arkuszu Kontakty
A16: Przychody ze sprzedaży wychowanków – 5 lat (WP540, 2026) | B16: 1 | C16: Chelsea FC | D16: Anglia | E16: 366 mln € | F16: Poza zasięgiem – tylko informacyjnie
A17: Przychody ze sprzedaży wychowanków – 5 lat (WP540, 2026) | B17: 2 | C17: Manchester City | D17: Anglia | E17: 318 mln € | F17: Poza zasięgiem – tylko informacyjnie
A18: MR99 (II 2025): wychowankowie w Big-5, 20 lat | B18: 1 | C18: Real Madrid | D18: Hiszpania | E18: 166 zawodników | F18: W arkuszu Kontakty
A19: MR99 (II 2025): wychowankowie w Big-5, 20 lat | B19: 2 | C19: FC Barcelona | D19: Hiszpania | E19: 156 | F19: W arkuszu Kontakty
A20: MR99 (II 2025): wychowankowie w Big-5, 20 lat | B20: 3 | C20: Paris Saint-Germain | D20: Francja | E20: 111 | F20: W arkuszu Kontakty
A21: MR99 (II 2025): wychowankowie w Big-5, 20 lat | B21: 4–5 | C21: Olympique Lyonnais, Manchester United | D21: Francja/Anglia | E21: po 103 | F21: W arkuszu Kontakty
A22: MR99 (II 2025): wychowankowie w Big-5, 20 lat | B22: 6–7 | C22: Stade Rennais, Atalanta | D22: Francja/Włochy | E22: po 94 | F22: W arkuszu Kontakty
A23: MR99 (II 2025): minuty wychowanków w Big-5, 20 lat | B23: top 10 | C23: Real Madrid (1), Barcelona (2), Lyon, PSG, Rennes, Man. United, Athletic Club (7), Atalanta, Real Sociedad (9), Valencia (10) | D23: różne | E23: — | F23: Wszystkie w arkuszu Kontakty
A24: Wychowankowie w 55 ligach (VI 2025) | B24: 1–3 | C24: Real Madrid 103, Benfica 102, Barcelona 94 | D24: różne | E24: — | F24: W arkuszu Kontakty
A25: Wychowankowie w 55 ligach (VI 2025) | B25: 4–10 | C25: Ajax, Sporting CP, River Plate, Defensor, Crvena zvezda, Dinamo Zagreb, Boca Juniors | D25: różne | E25: — | F25: Europejskie kluby w arkuszu Kontakty
A27: Źródła: CIES Football Observatory – Weekly Post 529 (training clubs), Weekly Post 540 (most profitable academies), 2026; Monthly Report 99 (II 2025). football-observatory.com
